username,date,label
demo,2026-02-19,low
demo,2026-02-20,medium
demo,2026-02-21,high
demo,2026-02-22,low
demo,2026-02-23,medium
demo,2026-02-24,high
demo,2026-02-25,low
demo,2026-02-26,medium
demo,2026-02-27,high
demo,2026-02-28,low
demo,2026-03-01,medium
demo,2026-03-02,high
demo,2026-03-03,low
demo,2026-03-04,medium
demo,2026-03-05,high
demo,2026-03-06,low
demo,2026-03-07,medium
demo,2026-03-08,high
demo,2026-03-09,low
demo,2026-03-10,medium
demo,2026-03-11,high
demo,2026-03-12,low
demo,2026-03-13,medium
demo,2026-03-14,high
demo,2026-03-15,low
demo,2026-03-16,medium
demo,2026-03-17,high
demo,2026-03-18,low
demo,2026-03-19,medium
demo,2026-03-20,high
demo,2026-03-21,low
demo,2026-03-22,medium
demo,2026-03-23,high
demo,2026-03-24,low
demo,2026-03-25,medium
demo,2026-03-26,high
demo,2026-03-27,low
demo,2026-03-28,medium
demo,2026-03-29,high
demo,2026-03-30,low
demo,2026-03-31,medium
demo,2026-04-01,high
demo,2026-04-02,low
demo,2026-04-03,medium
demo,2026-04-04,high
demo,2026-04-05,low
demo,2026-04-06,medium
demo,2026-04-07,high
demo,2026-04-08,low
demo,2026-04-09,medium
demo,2026-04-10,high
demo,2026-04-11,low
demo,2026-04-12,medium
demo,2026-04-13,high
demo,2026-04-14,low
demo,2026-04-15,medium
demo,2026-04-16,high
demo,2026-04-17,low
demo,2026-04-18,medium
demo,2026-04-19,high
demo,2026-04-20,low
demo,2026-04-21,medium
demo,2026-04-22,high
